{
  "price_history": {
    "EURUSD": [
      1.15801,
      1.15801,
      1.15722,
      1.15654
    ],
    "GBPUSD": [
      1.34284,
      1.34284,
      1.34306,
      1.34082
    ],
    "USDJPY": [
      157.85,
      157.872,
      158.354,
      158.545
    ],
    "AUDJPY": [
      111.848,
      111.905,
      112.264,
      112.275
    ]
  },
  "active_setups": {},
  "fired_signals": []
}