{
  "price_history": {
    "EURUSD": [
      1.15801,
      1.15801,
      1.15722,
      1.15654,
      1.15496,
      1.15575,
      1.15711,
      1.15711,
      1.15643,
      1.1543,
      1.15362,
      1.15452,
      1.15586,
      1.15687,
      1.15608,
      1.15485,
      1.15531,
      1.15643,
      1.15711,
      1.15711,
      1.15711,
      1.15711,
      1.15553,
      1.15327,
      1.14945
    ],
    "GBPUSD": [
      1.34284,
      1.34284,
      1.34306,
      1.34082,
      1.33845,
      1.33801,
      1.33902,
      1.33924,
      1.33788,
      1.33518,
      1.33081,
      1.33046,
      1.33204,
      1.33384,
      1.33428,
      1.33237,
      1.33316,
      1.33384,
      1.33417,
      1.33417,
      1.33417,
      1.33417,
      1.33182,
      1.33147,
      1.32664
    ],
    "USDJPY": [
      157.85,
      157.872,
      158.354,
      158.545,
      158.85,
      158.747,
      158.567,
      158.635,
      158.703,
      159.05,
      159.128,
      159.253,
      159.286,
      159.185,
      159.22,
      159.354,
      159.297,
      159.308,
      159.231,
      159.231,
      159.231,
      159.231,
      159.387,
      159.523,
      159.58
    ],
    "AUDJPY": [
      111.848,
      111.905,
      112.264,
      112.275,
      112.231,
      112.163,
      112.218,
      112.275,
      112.253,
      112.04,
      111.938,
      112.01,
      112.07,
      112.07,
      111.995,
      111.681,
      111.714,
      111.782,
      111.782,
      111.782,
      111.782,
      111.782,
      111.657,
      111.231,
      110.782
    ],
    "XAUUSD": [
      4507.793,
      4266.523,
      4253.804
    ]
  },
  "active_setups": {},
  "fired_signals": []
}