{
  "price_history": {
    "EURUSD": [
      1.15801,
      1.15801,
      1.15722,
      1.15654,
      1.15496
    ],
    "GBPUSD": [
      1.34284,
      1.34284,
      1.34306,
      1.34082,
      1.33845
    ],
    "USDJPY": [
      157.85,
      157.872,
      158.354,
      158.545,
      158.85
    ],
    "AUDJPY": [
      111.848,
      111.905,
      112.264,
      112.275,
      112.231
    ]
  },
  "active_setups": {},
  "fired_signals": []
}