{
  "price_history": {
    "EURUSD": [
      1.15801,
      1.15801,
      1.15722,
      1.15654,
      1.15496,
      1.15575,
      1.15711,
      1.15711,
      1.15643,
      1.1543,
      1.15362,
      1.15452,
      1.15586,
      1.15687,
      1.15608,
      1.15485,
      1.15531,
      1.15643,
      1.15711,
      1.15711,
      1.15711,
      1.15711,
      1.15553,
      1.15327,
      1.14945,
      1.14934,
      1.15856,
      1.15518,
      1.15992,
      1.16262,
      1.16058,
      1.1597,
      1.15992,
      1.16251,
      1.16161,
      1.16115,
      1.16148,
      1.16148,
      1.16148,
      1.1615,
      1.15968,
      1.15935,
      1.15867,
      1.15935,
      1.15935,
      1.15891,
      1.15891,
      1.15823,
      1.15665,
      1.15845,
      1.15878,
      1.16058,
      1.1606,
      1.16104,
      1.16115,
      1.1615,
      1.16148,
      1.15968,
      1.16014,
      1.16047,
      1.16093,
      1.15744,
      1.15878,
      1.15722,
      1.15711,
      1.1579,
      1.15608
    ],
    "GBPUSD": [
      1.34284,
      1.34284,
      1.34306,
      1.34082,
      1.33845,
      1.33801,
      1.33902,
      1.33924,
      1.33788,
      1.33518,
      1.33081,
      1.33046,
      1.33204,
      1.33384,
      1.33428,
      1.33237,
      1.33316,
      1.33384,
      1.33417,
      1.33417,
      1.33417,
      1.33417,
      1.33182,
      1.33147,
      1.32664,
      1.32664,
      1.33878,
      1.33496,
      1.3415,
      1.34532,
      1.33981,
      1.34115,
      1.34172,
      1.34453,
      1.34352,
      1.34262,
      1.34363,
      1.3433,
      1.34317,
      1.34341,
      1.3406,
      1.33946,
      1.33968,
      1.34071,
      1.33981,
      1.33957,
      1.33946,
      1.33777,
      1.33632,
      1.33867,
      1.33845,
      1.34071,
      1.34058,
      1.34161,
      1.34137,
      1.34194,
      1.34194,
      1.33968,
      1.34058,
      1.34137,
      1.34238,
      1.33733,
      1.33867,
      1.33711,
      1.33788,
      1.33823,
      1.33608
    ],
    "USDJPY": [
      157.85,
      157.872,
      158.354,
      158.545,
      158.85,
      158.747,
      158.567,
      158.635,
      158.703,
      159.05,
      159.128,
      159.253,
      159.286,
      159.185,
      159.22,
      159.354,
      159.297,
      159.308,
      159.231,
      159.231,
      159.231,
      159.231,
      159.387,
      159.523,
      159.58,
      159.602,
      158.613,
      159.0,
      158.523,
      158.4,
      158.67,
      158.624,
      158.512,
      158.13,
      158.365,
      158.466,
      158.433,
      158.376,
      158.343,
      158.308,
      158.523,
      158.67,
      158.758,
      158.692,
      158.76,
      158.758,
      158.714,
      158.927,
      159.174,
      158.938,
      158.962,
      158.692,
      158.703,
      158.668,
      158.681,
      158.692,
      158.793,
      158.894,
      158.94,
      158.872,
      158.815,
      159.128,
      159.03,
      159.174,
      159.253,
      159.264,
      159.49
    ],
    "AUDJPY": [
      111.848,
      111.905,
      112.264,
      112.275,
      112.231,
      112.163,
      112.218,
      112.275,
      112.253,
      112.04,
      111.938,
      112.01,
      112.07,
      112.07,
      111.995,
      111.681,
      111.714,
      111.782,
      111.782,
      111.782,
      111.782,
      111.782,
      111.657,
      111.231,
      110.782,
      110.455,
      111.354,
      111.0,
      111.398,
      111.76,
      111.128,
      111.128,
      111.196,
      111.02,
      111.07,
      111.06,
      111.117,
      111.0,
      111.0,
      111.09,
      110.512,
      110.58,
      110.668,
      110.668,
      110.512,
      110.646,
      110.613,
      110.624,
      110.488,
      110.747,
      110.804,
      110.973,
      110.938,
      110.951,
      111.03,
      111.06,
      110.938,
      110.692,
      110.681,
      110.725,
      110.681,
      110.58,
      110.815,
      110.815,
      110.848,
      110.883,
      110.793
    ],
    "XAUUSD": [
      4507.793,
      4266.523,
      4253.804,
      4267.488,
      4397.343,
      4348.534,
      4449.433,
      4478.916,
      4400.984,
      4384.1,
      4420.85,
      4455.488,
      4403.163,
      4403.387,
      4406.872,
      4406.872,
      4404.681,
      4427.962,
      4404.332,
      4417.85,
      4422.76,
      4425.646,
      4382.771,
      4390.872,
      4416.286,
      4409.758,
      4385.692,
      4401.433,
      4399.02,
      4457.523,
      4474.387,
      4474.387,
      4484.714,
      4479.567,
      4566.67,
      4550.703,
      4555.08,
      4582.938,
      4580.545,
      4544.174,
      4571.455,
      4561.602,
      4547.973,
      4550.76,
      4489.117
    ]
  },
  "active_setups": {},
  "fired_signals": []
}