{
  "price_history": {
    "EURUSD": [
      1.15801,
      1.15801
    ],
    "GBPUSD": [
      1.34284,
      1.34284
    ],
    "USDJPY": [
      157.85,
      157.872
    ],
    "AUDJPY": [
      111.848,
      111.905
    ]
  },
  "active_setups": {},
  "fired_signals": []
}