{
  "price_history": {
    "EURUSD": [
      1.15801,
      1.15801,
      1.15722
    ],
    "GBPUSD": [
      1.34284,
      1.34284,
      1.34306
    ],
    "USDJPY": [
      157.85,
      157.872,
      158.354
    ],
    "AUDJPY": [
      111.848,
      111.905,
      112.264
    ]
  },
  "active_setups": {},
  "fired_signals": []
}