{
  "price_history": {
    "EURUSD": [
      1.15801,
      1.15801,
      1.15722,
      1.15654,
      1.15496,
      1.15575,
      1.15711,
      1.15711,
      1.15643
    ],
    "GBPUSD": [
      1.34284,
      1.34284,
      1.34306,
      1.34082,
      1.33845,
      1.33801,
      1.33902,
      1.33924,
      1.33788
    ],
    "USDJPY": [
      157.85,
      157.872,
      158.354,
      158.545,
      158.85,
      158.747,
      158.567,
      158.635,
      158.703
    ],
    "AUDJPY": [
      111.848,
      111.905,
      112.264,
      112.275,
      112.231,
      112.163,
      112.218,
      112.275,
      112.253
    ]
  },
  "active_setups": {},
  "fired_signals": []
}