time,pair,side,entry,sl,tp,sl_pips,rr,level
2026-03-27T21:30:18.125553+00:00,GBPUSD,SELL,1.32599,1.32727,1.32343,12.8,2.0,1.32624
